书名,作者,出版社,出版时间,价格,评分,评价人数,简介,书籍链接
红楼梦,[清] 曹雪芹 著,人民文学出版社,1996-12,59.70元,9.6,"
                    455918
                ",都云作者痴，谁解其中味？,https://book.douban.com/subject/1007305/
活着,余华,作家出版社,2012-8,28.00元,9.4,"
                    901066
                ",生的苦难与伟大,https://book.douban.com/subject/4913064/
哈利·波特,J.K.罗琳 (J.K.Rowling),苏农,人民文学出版社,2008-12-1,9.7,"
                    130202
                ",从9¾站台开始的旅程,https://book.douban.com/subject/24531956/
1984,[英] 乔治·奥威尔,刘绍铭,北京十月文艺出版社,2010-4-1,9.4,"
                    306791
                ",栗树荫下，我出卖你，你出卖我,https://book.douban.com/subject/4820710/
三体全集,刘慈欣,重庆出版社,2012-1,168.00元,9.5,"
                    211061
                ",地球往事三部曲,https://book.douban.com/subject/6518605/
百年孤独,[哥伦比亚] 加西亚·马尔克斯,范晔,南海出版公司,2011-6,9.3,"
                    464974
                ",魔幻现实主义文学代表作,https://book.douban.com/subject/6082808/
飘,[美国] 玛格丽特·米切尔,李美华,译林出版社,2000-9,9.3,"
                    225529
                ",革命时期的爱情，随风而逝,https://book.douban.com/subject/1068920/
动物农场,[英] 乔治·奥威尔,荣如德,上海译文出版社,2007-3,9.3,"
                    177016
                ",太阳底下并无新事,https://book.douban.com/subject/2035179/
房思琪的初恋乐园,林奕含,北京联合出版公司,2018-2,45.00元,9.2,"
                    415662
                ",向死而生的文学绝唱,https://book.douban.com/subject/27614904/
三国演义（全二册）,[明] 罗贯中,人民文学出版社,1998-05,39.50元,9.3,"
                    180488
                ",是非成败转头空,https://book.douban.com/subject/1019568/
福尔摩斯探案全集（上中下）,[英] 阿·柯南道尔,丁钟华 等,群众出版社,1981-8,9.3,"
                    143539
                ",名侦探的代名词,https://book.douban.com/subject/1040211/
白夜行,[日] 东野圭吾,刘姿君,南海出版公司,2013-1-1,9.2,"
                    520287
                ",一宗离奇命案牵出跨度近20年步步惊心的故事,https://book.douban.com/subject/10554308/
小王子,[法国] 安东尼·德·圣-埃克苏佩里,马振骋,人民文学出版社,2003-8,9.1,"
                    791005
                ",献给长成了大人的孩子们,https://book.douban.com/subject/1084336/
呐喊,鲁迅,人民文学出版社,1973-3,0.36元,9.2,"
                    174589
                ",新文学的第一声呐喊,https://book.douban.com/subject/1449351/
邓小平时代,【美】傅高义 (Ezra.F.Vogel),冯克利,生活·读书·新知三联书店,2013-1-18,9.3,"
                    84002
                ",个人命运背后的历史变局,https://book.douban.com/subject/20424526/
安徒生童话故事集,（丹麦）安徒生,叶君健,人民文学出版社,1997-08,9.3,"
                    142191
                ",为了争取未来的一代,https://book.douban.com/subject/1046209/
撒哈拉的故事,三毛,哈尔滨出版社,2003-8,15.80元,9.2,"
                    193969
                ",游荡的自由灵魂,https://book.douban.com/subject/1060068/
天龙八部,金庸,生活·读书·新知三联书店,1994-5,96.00元,9.2,"
                    139440
                ",有情皆孽，无人不冤,https://book.douban.com/subject/1255625/
失踪的孩子,[意] 埃莱娜·费兰特,陈英,人民文学出版社,2018-7,9.2,"
                    97510
                ",我的整个生命，只是一场为了提升社会地位的低俗斗争。,https://book.douban.com/subject/30172069/
新名字的故事,[意] 埃莱娜·费兰特,陈英,人民文学出版社,2017-4,9.2,"
                    108577
                ",探索青年时代的激情、困惑、挣扎、背叛和失去,https://book.douban.com/subject/26986954/
杀死一只知更鸟,[美] 哈珀·李,高红梅,译林出版社,2012-9,9.2,"
                    160122
                ",有一种东西不能遵循从众原则，那就是——人的良心,https://book.douban.com/subject/6781808/
明朝那些事儿（1-9）,当年明月,中国海关出版社,2009-4,358.20元,9.2,"
                    197413
                ",不拘一格的历史书写,https://book.douban.com/subject/3674537/
卡拉马佐夫兄弟,[俄] 费奥多尔·陀思妥耶夫斯基,荣如德,上海译文出版社,2015-2-1,9.6,"
                    48650
                ",,https://book.douban.com/subject/25887924/
野草,鲁迅,人民文学出版社,1973-3,0.20元,9.5,"
                    54291
                ",我以这一丛野草，在明与暗，生与死，过去与未来之际，献于友与仇，人与兽，爱者与不爱者之前作证。,https://book.douban.com/subject/1915958/
沉默的大多数,王小波,中国青年出版社,1997-10,27.00元,9.1,"
                    159731
                ",沉默是沉默者的通行证,https://book.douban.com/subject/1054685/
中国历代政治得失,钱穆,生活·读书·新知三联书店,2001,12.00元,9.2,"
                    81419
                ",一部简明的“中国政治制度史”,https://book.douban.com/subject/1003479/
悉达多,[德] 赫尔曼·黑塞,姜乙,天津人民出版社,2017-1,9.1,"
                    166867
                ",,https://book.douban.com/subject/26980487/
罗杰疑案,[英] 阿加莎·克里斯蒂,常禾,新星出版社,2013-3,9.2,"
                    94900
                ",,https://book.douban.com/subject/21371175/
我与地坛,史铁生,春风文艺出版社,2002-5,25.00元,9.2,"
                    126962
                ",这是你的罪孽与福祉,https://book.douban.com/subject/1209899/
局外人,[法] 阿尔贝·加缪,柳鸣九,上海译文出版社,2010-8,9.1,"
                    265901
                ",人生在世，永远也不该演戏作假,https://book.douban.com/subject/4908885/
许三观卖血记,余华,作家出版社,2012-9,24.00元,9.2,"
                    195432
                ",,https://book.douban.com/subject/4760224/
彷徨,鲁迅,人民文学出版社,1973-3,0.37元,9.3,"
                    73342
                ",路漫漫其修远兮，吾将上下而求索,https://book.douban.com/subject/1449348/
白鹿原,陈忠实,人民文学出版社,2012-9,39.00元,9.2,"
                    123662
                ",一轴关于我们民族灵魂的现实主义画卷,https://book.douban.com/subject/10564071/
人类简史,[以色列] 尤瓦尔·赫拉利,林俊宏,中信出版社,2014-11,9.1,"
                    212259
                ",跟着人类一同走过十万年,https://book.douban.com/subject/25985021/
平凡的世界（全三部）,路遥,人民文学出版社,2005-1,64.00元,9.0,"
                    338143
                ",中国当代城乡生活全景,https://book.douban.com/subject/1200840/
乡土中国,费孝通,上海人民出版社,2006-4,38.00,9.2,"
                    104582
                ",中国乡土社会传统文化和社会结构理论研究代表作,https://book.douban.com/subject/1795079/
围城,钱锺书,人民文学出版社,1991-2,19.00,9.0,"
                    459063
                ",,https://book.douban.com/subject/1008145/
笑傲江湖（全四册）,金庸,生活·读书·新知三联书店,1994-5,76.80元,9.1,"
                    117126
                ",欲练此功，必先自宫,https://book.douban.com/subject/1002299/
献给阿尔吉侬的花束,[美] 丹尼尔·凯斯,陈澄和,广西师范大学出版社,2015-4,9.1,"
                    131697
                ",当声称能改造智能的科学实验选中心智障碍主角,https://book.douban.com/subject/26362836/
肖申克的救赎,[美] 斯蒂芬·金,施寄青,人民文学出版社,2006-7,9.1,"
                    128625
                ",豆瓣电影Top1原著,https://book.douban.com/subject/1829226/
东方快车谋杀案,[英] 阿加莎·克里斯蒂,陈尧光,人民文学出版社,2006-5,9.1,"
                    150846
                ",谋杀诡计惊人，波洛的抉择耐人寻味,https://book.douban.com/subject/1827374/
城南旧事,林海音 文,中国青年出版社,2003-7,16.00元,9.1,"
                    168912
                ",长亭外，古道边，芳草碧连天,https://book.douban.com/subject/1254588/
故事新编,鲁迅,人民文学出版社,1973-12-01,0.31 元,9.4,"
                    50293
                ",拾取古代传说，取一点因由，随意点染,https://book.douban.com/subject/2046909/
江城,[美] 彼得·海斯勒,李雪顺,上海译文出版社,2012-1,9.1,"
                    69065
                ",外国人眼中的涪陵,https://book.douban.com/subject/7060185/
基督山伯爵,[法国] 大仲马,周克希,上海译文出版社,1991-12-1,9.1,"
                    136350
                ",一个报恩复仇的故事，以法国波旁王朝和七月王朝为背景,https://book.douban.com/subject/1085860/
朝花夕拾,鲁迅,人民文学出版社,1973-4,0.25元,9.1,"
                    169789
                ",在纷扰中寻出一点闲静,https://book.douban.com/subject/1449352/
霍乱时期的爱情,[哥伦比亚] 加西亚·马尔克斯,杨玲,南海出版公司,2012-9-1,9.0,"
                    306477
                ",义无反顾地直达爱情的核心,https://book.douban.com/subject/10594787/
万历十五年,[美] 黄仁宇,生活·读书·新知三联书店,1997-5,18.00元,9.0,"
                    214851
                ",见微知著，历史观的颠覆,https://book.douban.com/subject/1041482/
秋园,杨本芬,北京联合出版公司,2020-6,38.00元,9.0,"
                    141981
                ",,https://book.douban.com/subject/34998019/
艺术的故事,[英] 贡布里希 (Sir E.H.Gombrich),范景中,广西美术出版社,2008-04,9.5,"
                    28813
                ",从最早的洞窟绘画到当今的实验艺术,https://book.douban.com/subject/3162991/
置身事内,兰小欢,上海人民出版社,2021-8,65.00元,9.1,"
                    100654
                ",,https://book.douban.com/subject/35546622/
月亮和六便士,[英] 毛姆,傅惟慈,上海译文出版社,2006-8,9.0,"
                    222182
                ",有多少人会经历顿悟，就有更少的人甘愿自我放逐,https://book.douban.com/subject/1858513/
厌女,上野千鹤子,王兰,上海三联书店,2015-1,9.1,"
                    93528
                ",,https://book.douban.com/subject/25836270/
射雕英雄传,金庸,生活·读书·新知三联书店,1999-04,47.00元,9.1,"
                    91136
                ",侠之大者，为国为民,https://book.douban.com/subject/1044547/
西游记（全二册）,吴承恩,黄肃秋 注释,人民文学出版社,2004-8,9.1,"
                    99951
                ",神魔皆有人情，精魅亦通世故,https://book.douban.com/subject/1029553/
追风筝的人,[美] 卡勒德·胡赛尼,李继宏,上海人民出版社,2006-5,8.9,"
                    820790
                ",为你，千千万万遍,https://book.douban.com/subject/1770782/
树上的男爵,[意大利]伊塔洛·卡尔维诺,吴正仪,译林出版社,2012-4-1,9.1,"
                    69576
                ",是不是真的只有先与人疏离，才能最终与他们在一起？,https://book.douban.com/subject/6789605/
无人生还,[英] 阿加莎・克里斯蒂,祁阿红,人民文学出版社,2008-3,9.0,"
                    164111
                ",童谣杀人案,https://book.douban.com/subject/3006581/
寻路中国,[美] 彼得·海斯勒,李雪顺,上海译文出版社,2011-1,9.0,"
                    60741
                ",《纽约客》驻北京记者驾车漫游中国大陆的经历,https://book.douban.com/subject/5414391/
格林童话全集,[德]格林兄弟,魏以新,人民文学出版社,1994-11,9.1,"
                    100752
                ",一本有教育意义的书,https://book.douban.com/subject/1043008/
刀锋,[英]毛姆,周煦良,上海译文出版社,2007-3,9.0,"
                    100196
                ",一把刀的锋刃不容易越过；因此智者说得救之道是困难的,https://book.douban.com/subject/2035162/
中国少年儿童百科全书（全四册）,林崇德 主编,浙江教育出版社,1991-4,168.00元,9.4,"
                    20884
                ",,https://book.douban.com/subject/1028409/
可能性的艺术,刘瑜,广西师范大学出版社,2022-4,82.00元,9.2,"
                    49031
                ",,https://book.douban.com/subject/35819419/
太白金星有点烦,马伯庸,湖南文艺出版社,2023-6,45.00,9.0,"
                    141958
                ",,https://book.douban.com/subject/36328704/
鼠疫,[法] 阿尔贝·加缪,刘方,上海译文出版社,2013-8,9.1,"
                    92047
                ",用别样的监禁生活再现某种监禁生活，与用不存在的事表现真事同等合理,https://book.douban.com/subject/24257229/
嫌疑人X的献身,[日] 东野圭吾,刘子倩,南海出版公司,2008-9,8.9,"
                    547523
                ",数学好是一种极致的浪漫,https://book.douban.com/subject/3211779/
傲慢与偏见,[英] 奥斯丁,张玲,人民文学出版社,1993-7,8.9,"
                    241840
                ",所有现代言情小说的母体,https://book.douban.com/subject/1083428/
刘擎西方现代思想讲义,刘擎,新星出版社,2021-1,79.00元,9.2,"
                    43984
                ",,https://book.douban.com/subject/35313227/
黄金时代,王小波,花城出版社,1999-3,19.00元,8.9,"
                    173051
                ",我想爱，想吃，还想在一瞬间变成天上半明半暗的云,https://book.douban.com/subject/1089243/
孽子,白先勇,广西师范大学出版社,2010-10,46.00元,9.2,"
                    56699
                ",写给那一群， 在最深最深的黑夜里， 独自彷徨街头， 无所依归的孩子们,https://book.douban.com/subject/5337254/
史记（全十册）,司马迁,（索隐）司马贞，（正义）张守节,中华书局,1982-11,9.5,"
                    27004
                ",史家之绝唱，无韵之离骚,https://book.douban.com/subject/1077847/
台北人,白先勇,广西师范大学出版社,2010-10,38.00元,9.0,"
                    82159
                ",白先勇短篇小说集,https://book.douban.com/subject/5337248/
悲惨世界（上中下）,[法] 雨果,李丹,人民文学出版社,1992-6,9.1,"
                    66707
                ",现实主义与浪漫主义的至高杰作,https://book.douban.com/subject/1205054/
一间只属于自己的房间,[英] 弗吉尼亚·伍尔夫,周颖琪,天津人民出版社,2019-10,9.2,"
                    52993
                ",,https://book.douban.com/subject/34835082/
四世同堂,老舍,北京十月文艺出版社,2008-7,36.00元,9.4,"
                    46693
                ",北平沦陷时代广大平民的悲惨遭遇,https://book.douban.com/subject/3183775/
诗经,孔丘 编订,北京出版社,2006-7,19.90元,9.5,"
                    31339
                ",思无邪,https://book.douban.com/subject/1883245/
永恒的终结,[美] 艾萨克·阿西莫夫,崔正男,江苏凤凰文艺出版社,2014-9,9.1,"
                    53437
                ",关于时间旅行的终极奥秘和恢宏构想,https://book.douban.com/subject/25829693/
毛泽东选集,毛泽东,人民出版社,1991-6,40.00元,9.6,"
                    36856
                ",,https://book.douban.com/subject/1139360/
美丽新世界,【英】奥尔德斯·赫胥黎,陈超,上海译文出版社,2017-6,9.1,"
                    69497
                ",,https://book.douban.com/subject/27002046/
一个叫欧维的男人决定去死,[瑞典] 弗雷德里克·巴克曼,宁蒙,四川文艺出版社,2015-12,9.1,"
                    79068
                ",这个发生在瑞典的故事，如生命庆典般绚丽斑斓,https://book.douban.com/subject/26672693/
神雕侠侣,金庸,有1996年11月北平第4次印本,生活·读书·新知三联书店,1994-5,8.9,"
                    105670
                ",至情至性，情大于武,https://book.douban.com/subject/1255624/
南京大屠杀,[美]张纯如（Iris Chang）,谭春霞,中信出版社,2015-8,9.7,"
                    27593
                ",,https://book.douban.com/subject/26545308/
绝叫,[日] 叶真中显,林佩瑾,北京联合出版公司,2020-7,8.9,"
                    140842
                ",,https://book.douban.com/subject/35031587/
始于极限,[日] 上野千鹤子,曹逸冰,新星出版社,2022-9-20,9.0,"
                    83878
                ",,https://book.douban.com/subject/35966120/
唐诗三百首,蘅塘退士,中华书局,1984-07-01,0.65,9.4,"
                    29974
                ",熟读唐诗三百首，不会吟诗也会吟,https://book.douban.com/subject/1013267/
历史深处的忧虑,林达,生活·读书·新知三联书店,1997-5,19.00元,9.0,"
                    47683
                ",窥见美国社会的一扇窗,https://book.douban.com/subject/1027191/
上帝掷骰子吗,曹天元,辽宁教育出版社,2006-1,32.00元,9.2,"
                    36793
                ",量子物理史话,https://book.douban.com/subject/1467022/
灿烂千阳,[美] 卡勒德·胡赛尼,李继宏,上海人民出版社,2007-9,8.9,"
                    131229
                ",唯有希望与爱可以驱散阴霾,https://book.douban.com/subject/2143732/
窗边的小豆豆,[日] 黑柳彻子 著,赵玉皎,南海出版公司,2003-1,8.9,"
                    223504
                ",真正懂孩子的教育经,https://book.douban.com/subject/1007914/
哭泣的骆驼,三毛,哈尔滨出版社,2003-6,15.80元,9.0,"
                    60253
                ",沙漠中寻常的生与死,https://book.douban.com/subject/1029111/
美的历程,李泽厚,生活·读书·新知三联书店,2009-7,43.00元,9.2,"
                    35654
                ",中国美学经典之作,https://book.douban.com/subject/3410718/
最好的告别,[美] 阿图·葛文德（Atul Gawande）,王一方 主编,浙江人民出版社,2015-7-31,9.0,"
                    55856
                ",关于衰老与死亡，你必须知道的常识,https://book.douban.com/subject/26576861/
呼兰河传,萧红,百花文艺出版社,2005-01,19.00,9.0,"
                    89456
                ",萧红的童年往事,https://book.douban.com/subject/1060852/
棋王·树王·孩子王,阿城,江苏凤凰文艺出版社,2016-3-1,58.00,9.3,"
                    34515
                ",,https://book.douban.com/subject/26734559/
人间词话,王国维,上海古籍出版社,1998-12,9.80元,9.1,"
                    58267
                ",以新眼光评旧文学,https://book.douban.com/subject/1203426/
冬牧场,李娟,新星出版社,2012-6,29.80元,9.1,"
                    47095
                ",阿勒泰的精灵,https://book.douban.com/subject/10522856/
离开的，留下的,[意] 埃莱娜·费兰特,陈英,人民文学出版社,2017-10,8.9,"
                    89080
                ",探索中年的虚无、困惑、野心和近乎残暴的爱,https://book.douban.com/subject/27104959/
筚路维艰,萧冬连,社会科学文献出版社,2014-10-1,45.00元,9.5,"
                    23456
                ",,https://book.douban.com/subject/26171466/
流俗地,【马来西亚】黎紫书,北京十月文艺出版社,2021-4-1,55.00元,9.2,"
                    36459
                ",,https://book.douban.com/subject/35430425/
罪与罚,[俄] 陀思妥耶夫斯基,岳麟,上海译文出版社,2006-8,9.3,"
                    40063
                ",描绘人内心的全部深度,https://book.douban.com/subject/1858568/
西线无战事,[德] 埃里希·玛丽亚·雷马克,姜乙,上海文艺出版社,2021-1,9.4,"
                    29235
                ",,https://book.douban.com/subject/35272817/
道德经,黄元吉,陕西人民出版社,1996-10,4.50元,9.5,"
                    22525
                ",中国历史上首部完整的哲学著作,https://book.douban.com/subject/1059258/
文学回忆录,木心 讲述,广西师范大学出版社,2013-1-10,98.00元,9.1,"
                    46247
                ",木心留给世界的礼物,https://book.douban.com/subject/20440644/
叫魂,[美] 孔飞力,陈兼,生活·读书·新知三联书店 上海三联书店,2014-6,9.2,"
                    39459
                ",,https://book.douban.com/subject/25912076/
也许你该找个人聊聊,[美]洛莉·戈特利布,张含笑,上海文化出版社,2021-7-28,9.0,"
                    60091
                ",,https://book.douban.com/subject/35481512/
明亮的夜晚,[韩]崔恩荣,叶蕾,台海出版社,2023-8,9.0,"
                    58851
                ",,https://book.douban.com/subject/36457094/
遥远的向日葵地,李娟,花城出版社,2017-11,38.00元,9.1,"
                    45565
                ",,https://book.douban.com/subject/27184303/
桶川跟踪狂杀人事件,[日] 清水洁,王华懋,四川人民出版社,2021-2,9.0,"
                    59282
                ",,https://book.douban.com/subject/35094680/
平面国,[英] 埃德温·A·艾勃特,鲁冬旭,上海文化出版社,2020-8,9.2,"
                    34531
                ",,https://book.douban.com/subject/35170896/
浪潮之巅,吴军,电子工业出版社,2011-8,55.00元,9.0,"
                    34955
                ",了解IT领域的入门读物,https://book.douban.com/subject/6709783/
少年凯歌,人民文学出版社,2001-6,10.00元,,9.3,"
                    21999
                ",,https://book.douban.com/subject/1091203/
受戒,汪曾祺,漓江出版社,1987-10,3.95元,9.3,"
                    30255
                ",江南乡镇民间生活，健康淳朴的人性,https://book.douban.com/subject/1760432/
爱你就像爱生命,王小波,上海锦绣文章出版社,2008-5,18.00元,8.8,"
                    119750
                ",王小波与李银河的两地书,https://book.douban.com/subject/3071717/
人生的枷锁,[英] 毛姆,张柏然,上海译文出版社,2007-3,9.1,"
                    33411
                ",在混沌纷扰的生活漩流中，寻求人生的真谛,https://book.douban.com/subject/2035171/
我们仨,杨绛,生活·读书·新知三联书店,2003-7,18.80元,8.7,"
                    322193
                ",,https://book.douban.com/subject/1023045/
茶馆,老舍,人民文学出版社,2002-1,9.80元,9.2,"
                    38974
                ",清末、民初、抗战胜利以后三个历史时期的北京生活风貌,https://book.douban.com/subject/1036613/
失明症漫记,[葡] 若泽·萨拉马戈,范维信,南海出版公司,2014-2,9.0,"
                    43766
                ",失明症迅速蔓延，整个城市陷入一场空前的灾难,https://book.douban.com/subject/20428302/
看不见的城市,[意] 伊塔洛·卡尔维诺,张密,译林出版社,2012-4,9.0,"
                    41871
                ",,https://book.douban.com/subject/10555509/
昨日的世界,[奥] 斯特凡·茨威格,徐友敬,上海译文出版社,2018-7,9.4,"
                    20988
                ",,https://book.douban.com/subject/27615361/
教父,[美]马里奥·普佐,周汉林,译林出版社,1997-8,9.0,"
                    42123
                ",“教父三部曲”电影原著,https://book.douban.com/subject/1092335/
巨人的陨落,[英] 肯·福莱特,于大卫,江苏凤凰文艺出版社,2016-5-1,8.9,"
                    88486
                ",五个家族，一场战争,https://book.douban.com/subject/26698660/
飞鸟集,[印] 罗宾德拉纳德·泰戈尔,徐翰林,哈尔滨出版社,2004-6,8.9,"
                    69687
                ",一个淡泊清透的世界,https://book.douban.com/subject/1058661/
海子的诗,海子,人民文学出版社,1999-04,15.40,9.0,"
                    49390
                ",,https://book.douban.com/subject/1011754/
人生的智慧,(德)叔本华,韦启昌,上海人民出版社,2008-10-01,9.2,"
                    35399
                ",对世俗、实用问题深刻而透彻的讨论,https://book.douban.com/subject/3261600/
我的天才女友,[意] 埃莱娜·费兰特,陈英,人民文学出版社,2017-1,8.8,"
                    134987
                ",“那不勒斯四部曲”第一部，两个女人，50年的友谊和战争,https://book.douban.com/subject/26878124/
鹿鼎记,金庸,广州出版社 花城出版社,2008-3,108.00元,8.9,"
                    58003
                ",武侠的解构，流氓的狂欢,https://book.douban.com/subject/1212893/
人间草木,汪曾祺,江苏文艺出版社,2005-01,20.00元,9.2,"
                    37258
                ",我就是要这样香，香得痛痛快快,https://book.douban.com/subject/1253310/
克莱因壶,[日] 冈岛二人,张舟,化学工业出版社,2019-9,8.8,"
                    84057
                ",,https://book.douban.com/subject/33658616/
面纱,[英] 威廉·萨默塞特·毛姆,于大卫,江西人民出版社,2016-4-1,9.0,"
                    50217
                ",,https://book.douban.com/subject/26757680/
陆犯焉识,严歌苓,作家出版社,2011-10,35.00元,8.9,"
                    60536
                ",翻手为苍凉，覆手为繁华,https://book.douban.com/subject/6880158/
额尔古纳河右岸,迟子建,人民文学出版社,2019-6-1,32.00元,9.0,"
                    72143
                ",,https://book.douban.com/subject/34432750/
十万个为什么,少年儿童出版社,1962,30.00元,,9.2,"
                    22045
                ",,https://book.douban.com/subject/2160556/
檀香刑,莫言,浙江文艺出版社,2017-1,56.00元,9.2,"
                    41808
                ",,https://book.douban.com/subject/26905337/
边城,沈从文,北岳文艺出版社,2002-4,12.00元,8.7,"
                    240909
                ",一切充满了善，然而到处是不凑巧,https://book.douban.com/subject/1057244/
13 67,陳浩基,皇冠文化出版有限公司,2014-6-9,NT$350,9.1,"
                    27759
                ",,https://book.douban.com/subject/25897884/
斯通纳,[美] 约翰·威廉斯,杨向荣,上海人民出版社,2016-1,8.8,"
                    70458
                ",即使不能拥有完美的生活，所幸追求过完整的自我,https://book.douban.com/subject/26425831/
地下室手记,[俄] 陀思妥耶夫斯基,曾思艺,浙江文艺出版社,2020-5,9.2,"
                    35736
                ",,https://book.douban.com/subject/34990839/
时间简史,[英] 史蒂芬·霍金,许明贤,湖南科学技术出版社,2010-4,8.9,"
                    65129
                ",探索时间和空间的核心秘密,https://book.douban.com/subject/1034282/
梦里花落知多少,三毛,北京十月文艺出版社,2007-6,28.00元,8.8,"
                    101302
                ",哀而不伤,https://book.douban.com/subject/2070844/
王尔德童话,[英] 王尔德,王林,译林出版社,2003-6,9.1,"
                    25587
                ",一颗纯美纯善、永难泯灭的童心,https://book.douban.com/subject/1119839/
金色梦乡,[日] 伊坂幸太郎,李彦桦,译林出版社,2010-9,9.0,"
                    33733
                ",伊坂幸太郎代表作,https://book.douban.com/subject/5038409/
一句顶一万句,刘震云,长江文艺出版社,2009-3,29.80,8.8,"
                    100052
                ",一句胜过千年,https://book.douban.com/subject/3633461/
这些人，那些事,吴念真,译林出版社,2011-9,28.00元,8.8,"
                    69776
                ",平淡叙述下的惊心动魄,https://book.douban.com/subject/6388661/
小径分岔的花园,[阿根廷] 豪·路·博尔赫斯,王永年,上海译文出版社,2015-7,8.9,"
                    54425
                ",一个谜语，谜底正是时间,https://book.douban.com/subject/25796120/
大明王朝1566,刘和平,花城出版社,2016-7,88.00元,9.5,"
                    19261
                ",,https://book.douban.com/subject/26925171/
2001：太空漫游,[英] 阿瑟·克拉克,郝明义,上海文艺出版社,2019-4-10,9.3,"
                    25893
                ",,https://book.douban.com/subject/30471298/
绿毛水怪,王小波,时代文艺出版社,2009-1,30.00元,9.1,"
                    27239
                ",我们好象在池塘的水底，从一个月亮走向另一个月亮,https://book.douban.com/subject/3518332/
长日将尽,[英] 石黑一雄,冯涛,上海译文出版社,2018-5,8.9,"
                    43953
                ",,https://book.douban.com/subject/30142261/
安娜·卡列尼娜,[俄] 列夫·托尔斯泰,草婴,上海文艺出版社,2007-8,9.2,"
                    35276
                ",,https://book.douban.com/subject/2253380/
海的女儿,安徒生,叶君健,上海译文出版社,1978年6月,9.1,"
                    27786
                ",,https://book.douban.com/subject/1765512/
你当像鸟飞往你的山,塔拉·韦斯特弗,任爱红,南海出版公司,2019-10,8.7,"
                    218490
                ",我来自一个极少有人能想象的家庭，教育给了我新世界,https://book.douban.com/subject/33440205/
半生缘,张爱玲,北京十月文艺出版社,2012-6-1,29.60元,9.1,"
                    38274
                ",,https://book.douban.com/subject/10757938/
故事,[美] 罗伯特·麦基,周铁东,天津人民出版社,2014-9,9.2,"
                    21640
                ",材质、结构、风格和银幕剧作的原理,https://book.douban.com/subject/25976544/
阿勒泰的角落,李娟,万卷出版公司,2010-6,25.00元,9.1,"
                    24283
                ",白雪和阳光，青草和白桦林,https://book.douban.com/subject/4881850/
强风吹拂,三浦紫苑,林佩瑾,广西师范大学出版社,2015-1-1,9.0,"
                    33751
                ",明明这么痛苦，这么难过，为什么就是不能放弃跑步？,https://book.douban.com/subject/26210487/
经济学原理（上下）,[美] 曼昆,梁小民,机械工业出版社,2003-8,9.1,"
                    23694
                ",经济学家们的世界观,https://book.douban.com/subject/1028842/
鹿川有许多粪,李沧东,春喜,武汉大学出版社,2021-8,8.9,"
                    40875
                ",,https://book.douban.com/subject/35517022/
國史大綱（上下）,錢穆,商务印书馆,2013-8,76.00元,9.4,"
                    17527
                ",钱穆中国通史,https://book.douban.com/subject/1046492/
天朝的崩溃,茅海建,生活·读书·新知三联书店,2014-10,59.00元,9.4,"
                    17998
                ",,https://book.douban.com/subject/25935941/
万水千山走遍,三毛,哈尔滨出版社,2003-08,13.80,8.9,"
                    48580
                ",从遥远的撒哈拉到敦煌戈壁,https://book.douban.com/subject/1036490/
温柔的夜,三毛,北京十月文艺出版社,2007-5,28.00元,9.1,"
                    25246
                ",三毛在加纳利群岛的生活,https://book.douban.com/subject/2068249/
苏菲的世界,[挪] 乔斯坦·贾德,萧宝森,作家出版社,2007-10,8.8,"
                    63114
                ",哲学启蒙书,https://book.douban.com/subject/2284311/
史蒂夫·乔布斯传,[美] 沃尔特·艾萨克森,管延圻,中信出版社,2011-10-24,8.8,"
                    64375
                ",完美主义者的最高形态,https://book.douban.com/subject/6798611/
冰与火之歌,[美]乔治·R.R.马丁,谭光磊,重庆出版社,2013-10-1,9.5,"
                    21348
                ",乔治·R·R·马丁史诗奇幻小说,https://book.douban.com/subject/25826936/
一个陌生女人的来信,[奥] 斯蒂芬·茨威格,张玉书,上海译文出版社,2007-7,8.7,"
                    154357
                ",暗恋的极致,https://book.douban.com/subject/2154960/
全球通史,斯塔夫里阿诺斯,吴象婴,北京大学出版社,2012-2-1,9.0,"
                    25171
                ",,https://book.douban.com/subject/10583099/
东晋门阀政治,田余庆,北京大学出版社,2012-5,49.00元,9.5,"
                    17049
                ",,https://book.douban.com/subject/10758290/
生死疲劳,莫言,浙江文艺出版社,2021-11,69.90元,9.0,"
                    60588
                ",,https://book.douban.com/subject/35587028/
爱的艺术,[美] 艾·弗洛姆,李健鸣,上海译文出版社,2008-4,8.8,"
                    55481
                ",谦恭地、勇敢地、真诚地和有纪律地爱他人,https://book.douban.com/subject/3026879/
亮剑,都梁,解放军文艺出版社,2005-3,28.00元,9.0,"
                    33789
                ",面对强大的对手，明知不敌，也要毅然亮剑,https://book.douban.com/subject/1088022/
我不知道该说什么，关于死亡还是爱情,[白俄] S·A·阿列克谢耶维奇,方祖芳,花城出版社,2014-6-15,9.2,"
                    21603
                ",真实记录切尔诺贝利核灾难事件,https://book.douban.com/subject/25884880/
球状闪电,刘慈欣,四川科学技术出版社,2005-6,22.00元,8.7,"
                    95184
                ",量子之外，没有真相,https://book.douban.com/subject/1192090/
草房子,曹文轩,江苏少年儿童出版社,2009-6,18.00元,9.0,"
                    61109
                ",男孩桑桑刻骨铭心、终身难忘的六年小学生活,https://book.douban.com/subject/1052990/
德米安,[德] 赫尔曼·黑塞,丁君君,上海人民出版社,2009-3,8.9,"
                    44173
                ",少年辛克莱寻找通向自身之路的艰辛历程,https://book.douban.com/subject/3578470/
不能承受的生命之轻,米兰·昆德拉,许钧,上海译文出版社,2010-8,8.8,"
                    50319
                ",,https://book.douban.com/subject/4920007/
古文观止,吴楚材,中华书局,1987-1-1,21.00元,9.1,"
                    20213
                ",收录自先秦至明末的散文二百二十二篇,https://book.douban.com/subject/1014561/
恶意,[日] 东野圭吾,娄美莲,南海出版公司,2016-11,8.7,"
                    158830
                ",,https://book.douban.com/subject/26877752/
李光耀观天下,李光耀,北京大学出版社,2015-6,58.00元,9.2,"
                    18158
                ",,https://book.douban.com/subject/26413154/
我的阿勒泰,李娟,云南人民出版社,2010-7,25.00元,8.9,"
                    33946
                ",描写疆北阿勒泰地区生活和风情的原生态散文集,https://book.douban.com/subject/4884218/
亲密关系（第6版）,[美] 罗兰·米勒,王伟平,人民邮电出版社,2015-6,9.2,"
                    31292
                ",,https://book.douban.com/subject/26585065/
倾城之恋,张爱玲,北京十月文艺出版社,2012-6-1,29.80元,8.9,"
                    44606
                ",,https://book.douban.com/subject/10757940/
天生有罪,[南非] 特雷弗·诺亚,董帅,北京联合出版公司,2018-2-1,9.1,"
                    24207
                ",,https://book.douban.com/subject/30125030/
麦琪的礼物,[美] 欧·亨利,张经浩,上海社会科学院出版社,2003-7,8.7,"
                    79291
                ",日常的奇迹,https://book.douban.com/subject/1051193/
社会心理学,[美] 戴维·迈尔斯,张智勇,人民邮电出版社,2006-1,9.0,"
                    28804
                ",人们是如何思索、影响他人并与他人建立联系的,https://book.douban.com/subject/1476651/
足利女童连续失踪事件,[日] 清水洁,曾玉婷,文汇出版社,2022-7,9.0,"
                    29565
                ",,https://book.douban.com/subject/35776315/
看不见的女性,卡罗琳·克里亚多·佩雷斯,詹涓,新星出版社,2022-8,9.1,"
                    21901
                ",,https://book.douban.com/subject/35942057/
翦商,李硕,广西师范大学出版社,2022-10,99.00元,8.9,"
                    37105
                ",,https://book.douban.com/subject/36096304/
一桩事先张扬的凶杀案,[哥伦比亚] 加西亚·马尔克斯,魏然,南海出版公司,2013-6,8.7,"
                    62582
                ",我如此急切地想要讲述这桩案件，也许是它最终确定了我的作家生涯,https://book.douban.com/subject/24382569/
帷幕,[英]阿加莎·克里斯蒂,李杨,新星出版社,2015-2,9.1,"
                    21057
                ",,https://book.douban.com/subject/26292535/
包法利夫人,福楼拜,李健吾,人民文学出版社,2003-1-1,9.1,"
                    32645
                ",,https://book.douban.com/subject/25897678/
父权制与资本主义,[日] 上野千鹤子,邹韵,浙江大学出版社,2020-3,9.2,"
                    21431
                ",,https://book.douban.com/subject/34896921/
雕刻时光,[苏] 安德烈·塔可夫斯基,张晓东,南海出版公司,2016-5,9.4,"
                    11098
                ",,https://book.douban.com/subject/26435510/
一个女人的故事,[法]安妮·埃尔诺,郭玉梅,上海人民出版社,2022-10,9.0,"
                    22249
                ",,https://book.douban.com/subject/36078195/
在细雨中呼喊,余华,作家出版社,2012-11-1,25.00元,8.8,"
                    89444
                ",,https://book.douban.com/subject/20421947/
我也有一个梦想,林达,生活·读书·新知三联书店,2004-08,25.00元,9.0,"
                    16827
                ",在法治国家里，民众怎样运用法律,https://book.douban.com/subject/1014825/
激荡三十年（上）,吴晓波,中信出版社,2007-1,35.00,8.8,"
                    33498
                ",这是一个最好的时代，也是一个最坏的时代,https://book.douban.com/subject/1970428/
尼罗河上的惨案,[英] 阿加莎·克里斯蒂,宫英海,人民文学出版社,2006-5,8.7,"
                    54007
                ",阿加莎·克里斯蒂代表作,https://book.douban.com/subject/1818347/
情书,[日] 岩井俊二,穆晓芳,天津人民出版社,2004-7,8.6,"
                    112875
                ",一场同名同姓的误会，两段可贵的爱情,https://book.douban.com/subject/1080370/
挽救计划,[美] 安迪·威尔,耿辉,译林出版社,2021-9,9.1,"
                    16119
                ",,https://book.douban.com/subject/35494160/
银河帝国：基地七部曲,[美] 艾萨克·阿西莫夫,叶李华,江苏凤凰文艺出版社,2015-10-1,9.5,"
                    18789
                ",阿西莫夫经典科幻小说,https://book.douban.com/subject/26389895/
从零开始的女性主义,[日本] 上野千鹤子,吕灵芝,北京联合出版公司,2021-9,8.7,"
                    77400
                ",,https://book.douban.com/subject/35523099/
一千零一夜,纳训,人民文学出版社,2003-01,22.00,8.8,"
                    63023
                ",阿拉伯地区的古代民间传说,https://book.douban.com/subject/1035848/
雷雨,曹禺,人民文学出版社,1999-05,9.20,8.7,"
                    84088
                ",一幕人生大悲剧，在一个雷雨夜爆发,https://book.douban.com/subject/1013416/
骆驼祥子,老舍,人民文学出版社,1962-10-1,12.00元,8.6,"
                    222896
                ",旧中国老北京贫苦市民的典型命运,https://book.douban.com/subject/1043815/
最好的我们,八月长安,湖南文艺出版社,2013-8-5,55,8.8,"
                    75914
                ",耿耿余淮,https://book.douban.com/subject/24754316/
理想国,[古希腊] 柏拉图,郭斌和,商务印书馆,1986-8,8.8,"
                    40815
                ",人类历史上最早的乌托邦,https://book.douban.com/subject/1004821/
当呼吸化为空气,[美] 保罗·卡拉尼什,何雨珈,浙江文艺出版社,2016-11,8.9,"
                    33643
                ",你在死亡中探究生命的意义，你见证生前的呼吸化作死后的空气,https://book.douban.com/subject/26896859/
海风中失落的血色馈赠,[加拿大] 阿利斯泰尔·麦克劳德,陈以侃,上海文艺出版社,2015-6-1,9.0,"
                    22658
                ",男女之间、父母与子女之间紧密的纽带和难以逾越的鸿沟,https://book.douban.com/subject/26357614/
水浒传（全二册）,[明] 施耐庵,人民文学出版社,1997-1,50.60元,8.7,"
                    84491
                ",替天行道,https://book.douban.com/subject/1008357/
荒原狼,[德]赫尔曼·黑塞,赵登荣,上海译文出版社,2008-7,9.0,"
                    26378
                ",“超现实主义”风格作品，德国的《尤利西斯》,https://book.douban.com/subject/3131626/
万物有灵且美,[英] 吉米·哈利,种衍伦,中国城市出版社,2010-1,8.9,"
                    24496
                ",活泼的生命完全无须借助魔法，便能对我们述说至美至真的故事,https://book.douban.com/subject/4187411/
雨季不再来,三毛,北京十月文艺出版社,2007-7,28.00元,8.8,"
                    58670
                ",三毛少女时代的成长感受,https://book.douban.com/subject/2136140/
孙子兵法,孙武,郭化若,上海古籍出版社,2006-7,9.4,"
                    15224
                ",我国最古老最杰出的一部兵书,https://book.douban.com/subject/1949420/
倚天屠龙记,金庸,生活·读书·新知三联书店,1999-04,47.00,8.7,"
                    65663
                ",不识张郎是张郎,https://book.douban.com/subject/1070851/
跨越边界的社区（修订版）,项飙,生活·读书·新知三联书店,2018-3,68.00元,9.4,"
                    11687
                ",,https://book.douban.com/subject/30116399/
送你一颗子弹,刘瑜,上海三联书店,2010-1,25.00元,8.6,"
                    146416
                ",在这本书里，被“审视”的东西杂七杂八,https://book.douban.com/subject/4238362/
罗生门,[日] 芥川龙之介,林少华,上海译文出版社,2008-7,8.7,"
                    75523
                ",人生，远比地狱更像地狱,https://book.douban.com/subject/3136271/
九州·缥缈录,江南,新世界出版社,2005-6,20.00元,8.8,"
                    33007
                ",乱世的英雄史诗,https://book.douban.com/subject/1321017/
孩子你慢慢来,龙应台,生活·读书·新知三联书店,2009-12-1,28.00元,8.7,"
                    82638
                ",我们现在怎样做母亲,https://book.douban.com/subject/4207781/
不存在的骑士,[意] 伊塔洛·卡尔维诺,吴正仪,译林出版社,2012-4,8.9,"
                    29675
                ",,https://book.douban.com/subject/6789551/
现代艺术150年,[英] 威尔·贡培兹,王烁,广西师范大学出版社,2017-3,9.1,"
                    16441
                ",,https://book.douban.com/subject/26854318/
显微镜下的大明,马伯庸,湖南文艺出版社,2019-1,52.00元,8.7,"
                    55596
                ",,https://book.douban.com/subject/30414743/
浮生六记,（清）沈复,人民文学出版社,1999-1,38,8.7,"
                    74800
                ",苟不记之笔墨，未免有辜彼苍之厚,https://book.douban.com/subject/1088581/
奥斯维辛,[英] 劳伦斯·里斯,刘爽,广西师范大学出版社,2016-9,9.5,"
                    11784
                ",,https://book.douban.com/subject/26861418/
庄子,孙通海 译注,孙通海  译注,中华书局,2007-04,9.4,"
                    13447
                ",野马也，尘埃也，生物之以息相吹也,https://book.douban.com/subject/2046236/
坟,鲁迅,人民文学出版社,2006-12,16.00元,9.6,"
                    13880
                ",,https://book.douban.com/subject/1974029/
论语,刘胜利,中华书局,2006-12,9.80元,9.1,"
                    26306
                ",仁远乎哉？我欲仁，斯仁至矣,https://book.douban.com/subject/1964774/
你一生的故事,[美] 特德·姜,李克勤,译林出版社,2015-5,8.8,"
                    39722
                ",特德·姜科幻小说集,https://book.douban.com/subject/26295448/
渴望生活,[美] 欧文·斯通,常涛,北京十月文艺出版社,2008-4,9.1,"
                    12358
                ",梵高悲惨而成就辉煌的人生,https://book.douban.com/subject/3054821/
野火集,龙应台,文汇出版社,2005-8,25.00元,8.7,"
                    35953
                ",中国人，你为什么不生气,https://book.douban.com/subject/1426971/
会饮篇,[古希腊] 柏拉图,王太庆,商务印书馆,2013-1,9.3,"
                    13761
                ",,https://book.douban.com/subject/21570668/
银河系漫游指南,[英] 道格拉斯·亚当斯,徐百柯,四川科学技术出版社,2005-6,8.8,"
                    23920
                ",一场穿越银河的冒险,https://book.douban.com/subject/1394364/
金锁记,张爱玲,哈尔滨出版社,2005-6,13.5元,8.7,"
                    67314
                ",一个小商人家庭出身的女子曹七巧的心灵变迁历程,https://book.douban.com/subject/3017857/
黑箱：日本之耻,[日] 伊藤诗织,匡匡,雅众文化/中信出版集团,2019-4,8.9,"
                    26315
                ",,https://book.douban.com/subject/30484795/
哈姆莱特,[英] 莎士比亚,朱生豪,人民文学出版社,2001-1,8.7,"
                    53890
                ",生存还是毁灭，这是一个值得思考的问题,https://book.douban.com/subject/1006197/
二手时间,[白俄] S. A. 阿列克谢耶维奇,吕宁思,中信出版社,2016-1,8.9,"
                    28387
                ",,https://book.douban.com/subject/26704403/
分成两半的子爵,[意] 伊塔洛·卡尔维诺,吴正仪,译林出版社,2012-4-1,8.8,"
                    33509
                ",,https://book.douban.com/subject/10555486/
象棋的故事,[奥] 斯蒂芬·茨威格,张玉书,上海译文出版社,2007-7,9.1,"
                    14307
                ",纳粹法西斯对人心灵的折磨及摧残,https://book.douban.com/subject/2158684/
规训与惩罚,[法] 米歇尔·福柯,刘北成,生活·读书·新知三联书店,2003-1,9.3,"
                    12293
                ",,https://book.douban.com/subject/1012307/
变形记,[奥地利] 弗朗茨·卡夫卡,彤雅立,北京燕山出版社,2020-1-1,9.2,"
                    21029
                ",,https://book.douban.com/subject/35218475/
你好，旧时光（上 下）,八月长安,新世界出版社,2009-12,39.80元,8.7,"
                    51895
                ",原作名切题,https://book.douban.com/subject/4166819/
解忧杂货店,[日] 东野圭吾,李盈春,南海出版公司,2014-5,8.5,"
                    779306
                ",,https://book.douban.com/subject/25862578/
白痴,[俄] 陀思妥耶夫斯基,荣如德,上海译文出版社,2015-1,9.3,"
                    15193
                ",,https://book.douban.com/subject/25887933/
康熙的红票,孙立天,商务印书馆,2024-3,78,9.3,"
                    12437
                ",,https://book.douban.com/subject/36794613/
打开一颗心,[英] 斯蒂芬·韦斯塔比,高天羽,广西师范大学出版社,2022-4,9.1,"
                    14346
                ",,https://book.douban.com/subject/30277179/
时间的秩序,[意] 卡洛·罗韦利,杨光,湖南科学技术出版社,2019-6,8.9,"
                    24548
                ",,https://book.douban.com/subject/33424487/
夏洛的网,[美] E.B.怀特,任溶溶,上海译文出版社,2004-5,8.7,"
                    73635
                ",,https://book.douban.com/subject/1036274/
顾城的诗,顾城,人民文学出版社,1998-12,20.00,8.8,"
                    27852
                ",,https://book.douban.com/subject/1033825/
红星照耀中国,[美] 埃德加·斯诺埃,董乐山,人民文学出版社,2016-6,9.2,"
                    25260
                ",,https://book.douban.com/subject/26820347/
贾想 I,贾樟柯,台海出版社,2017-6-1,49.00元,9.0,"
                    15219
                ",,https://book.douban.com/subject/27062726/
